{
  "project_info": {
    "project_number": "517233910579",
    "project_id": "balbasor-2f953",
    "storage_bucket": "balbasor-2f953.firebasestorage.app"
  },
  "client": [
    {
      "client_info": {
        "mobilesdk_app_id": "1:517233910579:android:054f3376790963dd1a5446",
        "android_client_info": {
          "package_name": "com.example.farmerfriend"
        }
      },
      "oauth_client": [],
      "api_key": [
        {
          "current_key": "AIzaSyCRW99qmnCXBb49s3HKYFFFpNrQP-tyGjk"
        }
      ],
      "services": {
        "appinvite_service": {
          "other_platform_oauth_client": []
        }
      }
    }
  ],
  "configuration_version": "1"
}